{"stats":{"minecraft:picked_up":{"minecraft:light_blue_concrete":1,"minecraft:purple_wool":6,"minecraft:repeater":7,"minecraft:yellow_wool":5,"minecraft:brown_wool":5,"minecraft:pink_wool":7,"create:item_drain":1,"minecraft:gray_concrete":2,"create:pulse_repeater":3,"minecraft:orange_concrete":6,"minecraft:sticky_piston":1,"minecraft:magenta_wool":6,"create:redstone_link":23,"minecraft:smooth_stone":1,"minecraft:redstone_torch":17,"minecraft:cyan_wool":4,"minecraft:light_gray_wool":7,"minecraft:blue_wool":5,"minecraft:lime_wool":7,"minecraft:pink_concrete":2,"minecraft:sandstone":113,"minecraft:yellow_concrete":1,"minecraft:red_wool":5,"minecraft:lime_concrete":2,"minecraft:stone_button":1,"minecraft:redstone":20,"minecraft:barrel":1,"minecraft:orange_wool":8,"minecraft:clay":5,"minecraft:light_blue_wool":6,"minecraft:lever":8,"minecraft:white_concrete":3,"minecraft:gray_wool":6,"minecraft:green_wool":6,"minecraft:black_wool":12,"minecraft:magenta_concrete":3,"minecraft:obsidian":7,"minecraft:white_wool":19},"minecraft:used":{"minecraft:dropper":1,"minecraft:flint_and_steel":78,"create:item_vault":103,"minecraft:redstone":154,"supplementaries:crystal_display":1,"toms_storage:storage_terminal":12,"create:packager":77,"minecraft:sandstone":70,"minecraft:redstone_block":19,"create:copper_valve_handle":2,"minecraft:white_wool":2,"create:mechanical_bearing":2,"create:package_frogport":57,"create:item_drain":37,"supplementaries:redstone_illuminator":1,"create:brass_funnel":32,"minecraft:hopper":2,"minecraft:birch_sign":9,"create:creative_crate":67,"minecraft:gray_concrete":1,"create:stock_link":50,"create:metal_girder":62,"minecraft:obsidian":1,"create:chute":8,"minecraft:redstone_torch":64,"minecraft:sticky_piston":42,"create:redstone_requester":48,"minecraft:lever":133,"minecraft:black_wool":1,"minecraft:red_wool":1,"create:wrench":152,"minecraft:iron_block":99,"create:chain_conveyor":16,"minecraft:stone_button":36,"minecraft:birch_hanging_sign":5,"create:andesite_casing":96,"create:creative_motor":10,"minecraft:barrel":31,"create:andesite_funnel":216,"minecraft:light_gray_wool":1,"create:gantry_carriage":1,"minecraft:repeater":82,"minecraft:redstone_lamp":72,"create:stockpile_switch":20,"create:shaft":16,"minecraft:smooth_stone_slab":328,"create:pulse_repeater":50,"minecraft:white_concrete":1,"create:content_observer":30,"create:redstone_link":143,"create:gantry_shaft":5,"minecraft:smooth_stone":38,"create:belt_connector":13,"create:gearshift":1},"minecraft:custom":{"minecraft:inspect_dropper":2,"minecraft:inspect_hopper":5,"minecraft:open_barrel":29,"minecraft:leave_game":4,"minecraft:time_since_death":440624,"minecraft:climb_one_cm":2248,"minecraft:time_since_rest":440624,"minecraft:sprint_one_cm":83490,"minecraft:walk_one_cm":205827,"minecraft:drop":4,"minecraft:fly_one_cm":2738092,"minecraft:crouch_one_cm":20651,"minecraft:play_time":440624,"minecraft:sneak_time":28134,"minecraft:jump":917,"minecraft:total_world_time":539372},"minecraft:dropped":{"minecraft:light_blue_concrete":1,"minecraft:barrel":2,"minecraft:black_wool":1}},"DataVersion":3955}